unit,block_i,block_j,class,evidence_kinds,evidence_pages,decision
back-about,3,4,body,digital_header,265,
back-appendix,0,1,body_to_note,separator,262,
back-appendix,5,6,body_to_note,separator,262,
back-appendix,7,8,note_to_note,separator,262,
back-appendix,10,11,body_to_note,separator,263,
ch01,3,4,body_to_note,separator,41,
ch01,5,6,note_to_note,separator,41,
ch01,8,9,body_to_note,digital_header|separator,41|42,
ch01,11,12,body_to_note,separator,42,
ch01,21,22,body_to_note,separator,43,
ch01,24,25,note_cont,digital_header,44,
ch01,28,29,body_to_note,separator,44,
ch01,41,42,body_to_note,separator,45,
ch01,43,44,body,print_header,45,
ch01,47,48,body_to_note,separator,45,
ch01,48,49,note_to_note,digital_header,46,
ch01,51,52,body_to_note,separator,46,
ch01,57,58,body_to_note,separator,47,
ch01,65,66,body_to_note,separator,47,
ch01,73,74,body_to_note,separator,48,
ch01,78,79,body_to_note,digital_header|separator,48|49,
ch01,83,84,body_to_note,separator,49,
ch01,86,87,body_to_note,separator,50,
ch01,90,91,body_to_note,separator,50,
ch01,93,94,body_to_note,separator,51,
ch01,98,99,body_to_note,separator,51,
ch01,105,106,body_to_note,separator,52,
ch01,112,113,body,print_header,53,
ch01,114,115,body_to_note,separator,53,
ch01,119,120,body_to_note,separator,54,
ch01,132,133,body_to_note,separator,54,
ch01,141,142,body_to_note,separator,55,
ch01,147,148,body_to_note,separator,55,
ch01,149,150,note_to_note,digital_header,56,
ch01,153,154,body_to_note,separator,56,
ch01,158,159,body_to_note,separator,57,
ch01,164,165,body_to_note,separator,58,
ch01,168,169,body_to_note,separator,58,
ch01,176,177,body_to_note,separator,59,
ch01,178,179,body,print_header,59,
ch01,179,180,verse_label,digital_header,60,
ch01,185,186,body_to_note,separator,60,
ch01,188,189,body_to_note,separator,60,
ch01,189,190,note_to_note,digital_header,61,
ch01,192,193,body_to_note,separator,61,
ch01,203,204,body_to_note,separator,62,
ch01,208,209,body_to_note,separator,62,
ch01,210,211,body_to_note,separator,63,
ch01,223,224,body_to_note,separator,64,
ch01,234,235,body_to_note,separator,65,
ch01,243,244,body_to_note,separator,65,
ch01,247,248,body_to_note,separator,66,
ch01,252,253,body_to_note,separator,66,
ch01,257,258,body_to_note,separator,67,
ch01,264,265,body_to_note,digital_header|separator,67|68,
ch01,265,266,note_cont,print_header,68,
ch01,273,274,body_to_note,digital_header|separator,68|69,
ch01,277,278,body_to_note,separator,69,
ch01,281,282,verse_label,digital_header,70,
ch01,287,288,body_to_note,separator,70,
ch01,292,293,body_to_note,separator,71,
ch01,300,301,body_to_note,separator,71,
ch01,301,302,note_to_note,separator,72,
ch01,312,313,body_to_note,separator,72,
ch01,314,315,body,print_header,72,
ch02,7,8,body_to_note,separator,73,
ch02,11,12,body,digital_header,74,
ch02,12,13,body_to_note,separator,74,
ch02,27,28,body_to_note,separator,75,
ch02,39,40,verse_label,digital_header|separator,75|76,
ch02,48,49,body_to_note,separator,76,
ch02,51,52,note_cont,print_header,76,
ch02,56,57,verse_label,digital_header,77,
ch02,58,59,body_to_note,separator,77,
ch02,60,61,body,print_header,77,
ch02,64,65,body_to_note,separator,77,
ch02,68,69,body,print_header,77,
ch02,76,77,body,print_header,78,
ch02,87,88,body_to_note,separator,79,
ch02,91,92,body_to_note,separator,79,
ch02,93,94,body_to_note,separator,80,
ch02,98,99,body_to_note,separator,80,
ch02,103,104,body_to_note,separator,81,
ch02,107,108,body,digital_header,82,
ch02,111,112,body_to_note,separator,82,
ch02,116,117,body_to_note,separator,82,
ch02,122,123,body_to_note,separator,83,
ch02,131,132,body_to_note,separator,84,
ch02,135,136,body_to_note,separator,84,
ch02,138,139,note_cont,digital_header,85,
ch02,140,141,body_to_note,separator,85,
ch02,144,145,verse_label,separator,85,
ch02,150,151,body_to_note,separator,86,
ch02,153,154,body,print_header,86,
ch02,159,160,body,digital_header,87,
ch02,163,164,body_to_note,separator,87,
ch02,170,171,body_to_note,digital_header|separator,87|88,
ch02,176,177,body_to_note,separator,88,
ch02,190,191,body_to_note,separator,89,
ch02,194,195,body,print_header,89,
ch02,201,202,body,print_header,90,
ch02,206,207,body_to_note,separator,90,
ch02,207,208,body,print_header,90,
ch02,208,209,verse_label,digital_header,91,
ch02,214,215,body_to_note,separator,91,
ch02,216,217,body_to_note,separator,91,
ch02,218,219,body,print_header,91,
ch02,219,220,verse_label,digital_header,92,
ch02,225,226,body_to_note,separator,92,
ch02,229,230,body_to_note,digital_header|separator,92|93,
ch02,236,237,body_to_note,separator,93,
ch02,237,238,body,print_header,93,
ch02,241,242,body_to_note,separator,94,
ch02,247,248,body_to_note,separator,94,
ch02,251,252,body_to_note,separator,95,
ch02,261,262,body_to_note,separator,95,
ch02,262,263,body,digital_header,96,
ch02,268,269,body_to_note,separator,96,
ch02,274,275,body_to_note,separator,96,
ch02,275,276,note_to_note,digital_header,97,
ch02,282,283,body_to_note,separator,97,
ch02,291,292,body_to_note,separator,98,
ch02,301,302,body_to_note,separator,99,
ch02,309,310,body_to_note,separator,99,
ch02,315,316,body_to_note,separator,100,
ch02,318,319,body,digital_header|print_header,100|101,
ch02,327,328,body_to_note,separator,101,
ch02,328,329,body,print_header,101,
ch02,336,337,body_to_note,digital_header|separator,101|102,
ch02,339,340,body,print_header,102,
ch02,348,349,body_to_note,separator,102,
ch02,359,360,body_to_note,separator,103,
ch02,366,367,body_to_note,separator,103,
ch02,369,370,body,digital_header,104,
ch02,373,374,body_to_note,separator,104,
ch02,378,379,body,print_header,104,
ch02,385,386,body_to_note,digital_header|separator,104|105,
ch02,388,389,body_to_note,separator,105,
ch03,7,8,body_to_note,digital_header|separator,107,
ch03,11,12,body_to_note,separator,107,
ch03,12,13,body,print_header,107,
ch03,16,17,body_to_note,separator,108,
ch03,20,21,body_to_note,separator,108,
ch03,27,28,body_to_note,separator,109,
ch03,32,33,body_to_note,separator,109,
ch03,36,37,body_to_note,separator,110,
ch03,38,39,body_to_note,digital_header|separator,110|111,
ch03,43,44,body_to_note,separator,111,
ch03,47,48,body_to_note,separator,112,
ch03,51,52,body_to_note,separator,112,
ch03,55,56,body_to_note,separator,113,
ch03,59,60,body_to_note,separator,113,
ch03,61,62,body_to_note,separator,114,
ch03,64,65,body_to_note,separator,114,
ch03,68,69,body_to_note,separator,115,
ch03,73,74,body_to_note,separator,115,
ch03,74,75,note_to_note,digital_header,116,
ch03,78,79,body_to_note,separator,116,
ch03,81,82,body,digital_header,117,
ch03,83,84,body_to_note,separator,117,
ch03,95,96,body_to_note,separator,118,
ch03,100,101,body,digital_header,119,
ch03,110,111,body_to_note,separator,119,
ch03,117,118,body_to_note,separator,120,
ch03,124,125,body_to_note,separator,120,
ch03,126,127,verse_label,digital_header,121,
ch03,136,137,body_to_note,separator,121,
ch03,142,143,body_to_note,separator,122,
ch03,149,150,body_to_note,separator,122,
ch03,151,152,body_to_note,separator,123,
ch03,170,171,body_to_note,separator,125,
ch03,185,186,body_to_note,separator,126,
ch03,190,191,body_to_note,separator,127,
ch03,193,194,body,print_header,128,
ch03,202,203,body_to_note,separator,129,
ch03,205,206,body_to_note,separator,129,
ch03,210,211,body_to_note,separator,130,
ch03,217,218,body_to_note,digital_header|separator,130|131,
ch03,220,221,body_to_note,separator,131,
ch03,222,223,body,digital_header,132,
ch03,223,224,body_to_note,separator,132,
ch03,235,236,body_to_note,separator,132,
ch03,243,244,body_to_note,separator,133,
ch03,249,250,body_to_note,separator,133,
ch03,257,258,body_to_note,separator,134,
ch03,262,263,body_to_note,separator,134,
ch03,267,268,body_to_note,separator,135,
ch03,270,271,body_to_note,separator,135,
ch03,271,272,note_to_note,digital_header,136,
ch03,277,278,body_to_note,separator,136,
ch03,285,286,body_to_note,separator,137,
ch03,293,294,body_to_note,separator,137,
ch03,297,298,body_to_note,separator,138,
ch03,301,302,body_to_note,digital_header|separator,139,
ch03,309,310,body,digital_header,140,
ch03,310,311,body_to_note,separator,140,
ch03,318,319,body_to_note,separator,140,
ch04,6,7,body_to_note,separator,142,
ch04,8,9,note_to_note,separator,142,
ch04,12,13,note_cont,digital_header|print_header,143,
ch04,15,16,body_to_note,separator,143,
ch04,20,21,body_to_note,separator,144,
ch04,26,27,body_to_note,separator,144,
ch04,29,30,body_to_note,separator,145,
ch04,39,40,body_to_note,separator,146,
ch04,43,44,body_to_note,separator,147,
ch04,57,58,body,digital_header,148,
ch04,69,70,body_to_note,separator,149,
ch04,73,74,body_to_note,separator,149,
ch04,84,85,body_to_note,separator,150,
ch04,97,98,body_to_note,separator,151,
ch04,99,20,note_cont,digital_header,144,
ch04,109,110,body_to_note,separator,152,
ch04,120,121,body_to_note,separator,152,
ch04,123,124,body_to_note,separator,153,
ch04,126,127,body_to_note,digital_header|separator,154,
ch04,133,134,body_to_note,separator,154,
ch04,137,138,body,digital_header,155,
ch04,138,139,body_to_note,separator,155,
ch04,144,145,body_to_note,separator,155,
ch04,150,151,body_to_note,separator,156,
ch04,154,155,body,print_header,156,
ch04,159,160,body_to_note,separator,156,
ch04,165,166,body_to_note,separator,157,
ch04,171,172,body_to_note,separator,157,
ch04,177,178,body_to_note,separator,158,
ch04,184,185,body_to_note,separator,159,
ch04,190,191,body_to_note,separator,159,
ch04,193,194,note_cont,digital_header|print_header,159|160,
ch04,196,197,body_to_note,separator,160,
ch04,202,203,body_to_note,separator,161,
ch04,214,215,body_to_note,digital_header|separator,163,
ch04,220,221,body_to_note,separator,163,
ch04,227,228,body_to_note,separator,164,
ch04,231,232,note_cont,print_header,164,
ch04,238,239,body_to_note,separator,164,
ch04,243,244,body_to_note,separator,165,
ch04,245,246,body,print_header,165,
ch04,249,250,body_to_note,separator,165,
ch04,254,255,body_to_note,separator,166,
ch04,257,258,body_to_note,separator,166,
ch04,259,260,body_to_note,digital_header,167,
ch04,262,263,body_to_note,separator,167,
ch04,267,268,body_to_note,separator,168,
ch04,278,279,body_to_note,separator,168,
ch04,288,289,body_to_note,separator,169,
ch04,293,294,body_to_note,separator,170,
ch04,297,298,body_to_note,separator,171,
ch05,0,1,body_to_note,separator,172,
ch05,4,5,body_to_note,separator,172,
ch05,6,7,body_to_note,separator,173,
ch05,8,9,body,print_header,173,
ch05,14,15,body_to_note,separator,173,
ch05,20,21,body_to_note,separator,174,
ch05,24,25,body_to_note,separator,175,
ch05,36,37,body_to_note,separator,176,
ch05,39,40,body_to_note,separator,176,
ch05,44,45,body_to_note,separator,177,
ch05,48,49,body_to_note,separator,177,
ch05,52,53,note_cont,print_header,177,
ch05,62,63,body_to_note,separator,178,
ch05,63,64,body,digital_header|print_header,179,
ch05,67,68,body_to_note,separator,179,
ch05,69,70,body,print_header,179,
ch05,73,74,body_to_note,separator,180,
ch05,76,77,body_to_note,separator,180,
ch05,84,85,body,digital_header,181,
ch05,86,87,body_to_note,separator,181,
ch05,96,97,body_to_note,separator,182,
ch05,99,100,body_to_note,separator,182,
ch05,101,102,body,print_header,182,
ch05,105,106,body_to_note,separator,183,
ch05,106,107,body,print_header,183,
ch05,111,112,verse_label,digital_header,184,
ch05,115,116,body_to_note,separator,184,
ch05,121,122,body,digital_header,185,
ch05,122,123,body_to_note,separator,185,
ch05,135,136,body_to_note,separator,186,
ch05,141,142,body_to_note,separator,187,
ch05,142,143,note_to_note,separator,187,
ch06,3,4,body_to_note,separator,188,
ch06,7,8,body_to_note,separator,189,
ch06,13,14,body_to_note,separator,189,
ch06,18,19,body,digital_header,190,
ch06,24,25,body_to_note,separator,190,
ch06,28,29,body_to_note,separator,190,
ch06,38,39,body_to_note,separator,191,
ch06,43,44,note_to_note,separator,192,
ch06,54,55,body_to_note,separator,192,
ch06,55,56,body,digital_header,193,
ch06,59,60,body_to_note,separator,193,
ch06,64,65,body_to_note,separator,193,
ch06,71,72,body_to_note,separator,194,
ch06,74,75,note_cont,print_header,194,
ch06,76,77,body_to_note,separator,195,
ch06,81,82,body_to_note,separator,195,
ch06,85,86,body_to_note,separator,196,
ch06,93,94,body_to_note,separator,197,
ch06,97,98,body_to_note,separator,197,
ch06,104,105,body_to_note,separator,198,
ch06,108,109,body_to_note,separator,198,
ch06,113,114,body_to_note,separator,199,
ch06,120,121,body_to_note,separator,200,
ch06,126,127,body_to_note,separator,200,
ch06,131,132,body_to_note,separator,201,
ch06,139,140,body_to_note,separator,201,
ch06,147,148,body_to_note,separator,202,
ch06,151,152,note_cont,print_header,202,
ch06,153,154,body_to_note,separator,203,
ch06,158,159,body,print_header,203,
ch06,161,162,body_to_note,separator,203,
ch06,162,163,note_to_note,digital_header,204,
ch06,167,168,body_to_note,separator,204,
ch06,175,176,body_to_note,separator,205,
ch06,182,183,body_to_note,separator,205,
ch06,187,188,note_to_note,digital_header,206,
ch06,191,192,body_to_note,separator,206,
ch06,198,199,body_to_note,separator,207,
ch06,200,201,body,print_header,207,
ch06,203,204,body_to_note,separator,207,
ch06,208,209,body_to_note,separator,208,
ch06,218,219,body_to_note,separator,208,
ch06,219,220,note_cont,print_header,208,
ch06,221,222,body_to_note,separator,209,
ch06,224,225,body_to_note,separator,209,
ch06,228,229,body_to_note,separator,210,
ch06,234,235,body_to_note,separator,211,
ch06,240,241,body_to_note,separator,211,
ch06,244,245,body_to_note,separator,212,
ch06,246,247,body,print_header,212,
ch07,1,2,body_to_note,separator,213,
ch07,6,7,body_to_note,separator,213,
ch07,12,13,body_to_note,separator,214,
ch07,15,16,body_to_note,digital_header|separator,215,
ch07,22,23,body_to_note,separator,215,
ch07,25,26,body,print_header,215,
ch07,29,30,body_to_note,separator,216,
ch07,31,32,body_to_note,separator,216,
ch07,35,36,note_cont,print_header,216,
ch07,37,38,body_to_note,separator,217,
ch07,40,41,body_to_note,separator,217,
ch07,41,42,note_to_note,digital_header,218,
ch07,45,46,body_to_note,separator,218,
ch07,48,49,note_to_note,separator,219,
ch07,52,53,body_to_note,separator,219,
ch07,57,58,note_to_note,digital_header,220,
ch07,61,62,body_to_note,separator,220,
ch07,72,73,body_to_note,separator,222,
ch07,73,74,body,print_header,222,
ch07,77,78,body_to_note,separator,222,
ch07,86,87,body_to_note,separator,223,
ch07,95,90,note_cont,digital_header,224,
ch07,101,102,body_to_note,separator,225,
ch07,112,113,body,digital_header,226,
ch07,113,114,body_to_note,separator,226,
ch07,118,119,body_to_note,separator,226,
ch07,124,125,body_to_note,separator,227,
ch07,131,132,body_to_note,separator,227,
ch07,135,136,body_to_note,separator,228,
ch07,141,142,body_to_note,digital_header|separator,229,
ch07,145,146,body_to_note,separator,229,
ch07,149,150,body,digital_header,230,
ch07,157,158,body_to_note,separator,230,
ch07,161,162,body_to_note,separator,231,
ch07,163,164,body,print_header,231,
ch07,174,175,body_to_note,separator,231,
ch07,179,180,body_to_note,separator,232,
ch07,185,186,body_to_note,separator,232,
ch07,186,187,body,print_header,232,
ch07,190,191,body_to_note,separator,233,
ch07,196,197,body_to_note,separator,233,
ch08,7,8,body_to_note,separator,234,
ch08,11,12,note_cont,print_header,234,
ch08,13,14,body_to_note,digital_header|separator,234|235,
ch08,17,18,body_to_note,separator,235,
ch08,25,26,body_to_note,separator,236,
ch08,30,31,body_to_note,separator,236,
ch08,34,35,note_to_note,digital_header,237,
ch08,37,38,body_to_note,separator,237,
ch08,43,44,body_to_note,separator,238,
ch08,47,48,body_to_note,separator,238,
ch08,52,53,body_to_note,separator,239,
ch08,57,58,body_to_note,separator,239,
ch08,58,59,note_to_note,digital_header,240,
ch08,60,61,body_to_note,separator,240,
ch08,65,66,body_to_note,separator,240,
ch08,66,67,note_to_note,digital_header,241,
ch08,71,72,body_to_note,separator,241,
ch08,80,81,body_to_note,separator,242,
ch09,4,5,body_to_note,separator,243,
ch09,9,10,body_to_note,separator,244,
ch09,20,21,body_to_note,separator,244,
ch09,22,23,body_to_note,separator,245,
ch09,30,31,body_to_note,digital_header|separator,245|246,
ch09,39,40,body_to_note,separator,246,
ch09,49,50,body_to_note,separator,247,
ch09,57,58,body_to_note,separator,247,
ch09,62,63,body_to_note,separator,248,
ch09,68,69,body_to_note,digital_header|separator,248|249,
ch09,76,77,body_to_note,separator,249,
ch09,78,79,body,print_header,249,
ch09,85,86,body_to_note,separator,250,
ch09,90,91,body_to_note,separator,250,
ch09,93,94,body_to_note,separator,251,
ch09,98,99,body_to_note,separator,252,
ch09,108,109,body_to_note,separator,253,
ch10,0,1,body_to_note,separator,254,
ch10,5,6,body_to_note,separator,254,
ch10,12,13,body_to_note,separator,255,
ch10,17,18,body_to_note,separator,255,
ch10,20,21,note_to_note,digital_header,256,
ch10,23,24,body_to_note,separator,256,
ch10,25,26,body_to_note,digital_header|separator,257,
ch10,34,35,body_to_note,separator,257,
ch10,35,36,body,print_header,257,
ch10,41,42,body_to_note,separator,258,
ch10,47,48,body_to_note,separator,258,
ch10,50,51,body,print_header,258,
ch10,53,54,body,digital_header,259,
ch10,57,58,body_to_note,separator,259,
ch10,61,62,body_to_note,separator,259,
ch10,68,69,body_to_note,separator,260,
ch10,77,78,body,digital_header,261,
ch10,81,82,body_to_note,separator,261,
ch10,82,83,body,print_header,261,
front-dibache,5,6,body_to_note,separator,33,
front-dibache,9,10,body,print_header,33,
front-dibache,18,19,body_to_note,digital_header|separator,34,
front-dibache,27,28,body_to_note,separator,34,
front-dibache,35,36,verse_label,digital_header,35,
front-dibache,39,40,body_to_note,separator,35,
front-dibache,49,50,verse_label,separator,35,
front-dibache,62,63,body_to_note,separator,36,
front-dibache,78,79,body,digital_header,37,
front-dibache,79,80,body_to_note,separator,37,
front-dibache,82,83,body,print_header,37,
front-dibache,89,90,body_to_note,separator,37,
front-dibache,93,94,body,digital_header,38,
front-dibache,103,104,body,print_header,38,
front-dibache,116,117,body_to_note,digital_header|separator,38|39,
front-dibache,125,126,body_to_note,separator,39,
front-dibache,128,129,body,print_header,39,
front-dibache,134,135,body_to_note,separator,40,
front-dibache,149,150,body_to_note,separator,40,
front-preface,7,8,body_to_note,separator,18,
front-preface,9,10,body,print_header,18,
front-preface,11,12,body_to_note,separator,19,
front-preface,16,17,body_to_note,separator,20,
front-preface,23,24,body_to_note,separator,21,
front-preface,26,27,body_to_note,separator,21,
front-preface,33,34,body_to_note,separator,22,
front-preface,35,36,body_to_note,separator,22,
front-preface,39,40,note_to_note,separator,23,
front-preface,44,45,body_to_note,separator,24,
front-preface,48,49,body_to_note,separator,24,
front-preface,54,55,body_to_note,separator,25,
front-preface,56,57,note_to_note,digital_header|separator,25|26,
front-preface,59,60,body_to_note,separator,26,
front-preface,64,65,body_to_note,separator,27,
front-preface,69,70,body_to_note,separator,27,
front-preface,83,84,body_to_note,separator,30,
front-preface,91,92,body_to_note,digital_header|separator,31,
front-preface,100,101,body,print_header,31,
front-preface,106,107,body_to_note,separator,31,
front-preface,111,112,body,print_header,31,
front-preface,116,117,body_to_note,separator,32,
front-preface,121,122,body_to_note,separator,32,
