id,region,kind,title,level,rel_path
cover,cover,cover,مطلع سعدین و مجمع بحرین,1,cover.md
front-titlepage,frontmatter,titlepage,صفحه عنوان,1,frontmatter/front-titlepage.md
front-copyright,frontmatter,copyright,مشخصات کتاب,1,frontmatter/front-copyright.md
front-preface,frontmatter,preface,مقدمه و شرح حال مؤلف,1,frontmatter/front-preface.md
front-dibache,frontmatter,preface,دیباچه,1,frontmatter/front-dibache.md
ch01,body,chapter,وقایع سال‌های 717–727 هجری,1,body/ch01.md
ch02,body,chapter,وقایع سال‌های 728–736 هجری,1,body/ch02.md
ch03,body,chapter,وقایع سال‌های 737–744 هجری,1,body/ch03.md
ch04,body,chapter,وقایع سال‌های 745–753 هجری,1,body/ch04.md
ch05,body,chapter,وقایع سال‌های 754–757 هجری,1,body/ch05.md
ch06,body,chapter,وقایع سال‌های 758–763 هجری,1,body/ch06.md
ch07,body,chapter,وقایع سال‌های 764–766 هجری,1,body/ch07.md
ch08,body,chapter,وقایع سال‌های 767–768 هجری,1,body/ch08.md
ch09,body,chapter,وقایع سال‌های 769–770 هجری,1,body/ch09.md
ch10,body,chapter,وقایع سال 771 هجری و جلوس امیر تیمور,1,body/ch10.md
back-appendix,backmatter,appendix,حواشی نسخ,1,backmatter/back-appendix.md
back-about,backmatter,afterword,درباره مرکز تحقیقات رایانه‌ای قائمیه اصفهان,1,backmatter/back-about.md
