source,target,type,aliases,gender,reading,status,note
مطلع سعدین و مجمع بحرین,《双星升起与两海汇合之时》,work,مطلع السعدین|مطلع سعدین,,,confirmed,书名；作者 ʿAbd al-Razzāq Samarqandī
کمال الدین عبد الرزاق سمرقندی,卡玛尔丁·阿卜杜·拉扎克·撒马尔罕迪,person,عبد الرزاق سمرقندی,,,confirmed,作者 1413–1482
عبد الحسین نوایی,阿卜杜·侯赛因·纳瓦伊,person,نوایی,,,confirmed,1974 校勘本编者（به اهتمام）
محمد شفیع,穆罕默德·沙菲,person,شفیع محمد,,,seed,旧校本校订者
امیر تیمور,埃米尔·帖木儿,person,تیمور|تیمور گورکان|تیمور گورکانی,,,confirmed,帖木儿 1336–1405
صاحبقران,幸运之主,appellation,,,,confirmed,帖木儿尊号
سلطان ابو سعید بهادر خان,苏丹阿布·赛义德·巴哈杜尔汗,person,ابو سعید بهادر خان|ابو سعید خان|سلطان ابو سعید,,,confirmed,伊儿汗 717–736 在位
اولجایتو,完者都,person,الجایتو|اولجایتو سلطان,,,confirmed,阿布·赛义德之父
امیر چوپان,埃米尔·出班,person,چوپان نویان|امیر چوپان نویان,,,confirmed,楚潘家族奠基者
خواجه رشید الدین,拉施特丁,person,رشید الدین فضل الله|خواجه رشید الدین فضل الله,,,seed,即史学家拉施德丁
امیر حسین,埃米尔·侯赛因,person,امیر حسین بن امیر آق بوقا,,,seed,与帖木儿争衡者；与 معز الدین حسین 区分
امیر قزغن,埃米尔·加兹甘,person,قزغن|غزغن,,,seed,河中权臣
شاه شجاع,沙阿·舒贾,person,جلال الدین شاه شجاع|سلطان ابو الفوارس جلال الدین شاه شجاع,,,seed,穆扎法尔王朝
شاه محمود,沙阿·马哈茂德,person,شاه محمود مظفر,,,seed,穆扎法尔王朝
امیر مبارز الدین محمد,埃米尔·穆巴里兹丁·穆罕默德,person,مبارز الدین محمد مظفر|محمد مظفر,,,seed,穆扎法尔王朝奠基者
ملک اشرف,马利克·阿什拉夫,person,اشرف,,,seed,楚潘系，统治阿塞拜疆
امیر جمال الدین شیخ ابو اسحق,埃米尔·哲马鲁丁·谢赫·阿布·伊斯哈克,person,شیخ ابو اسحق|ابو اسحق اینجو,,,seed,因朱系
ملک معز الدین حسین,马利克·穆伊兹丁·侯赛因,person,معز الدین حسین,,,seed,克尔特王朝
غیاث الدین پیر علی,吉亚斯丁·皮尔·阿里,person,پیر علی|ملک غیاث الدین پیر علی,,,seed,克尔特王朝，赫拉特
تغلق تیمور خان,图格鲁克·帖木儿汗,person,تغلق تیمور|پادشاه تغلق تیمور,,,seed,察合台汗
طغاتیمور خان,塔加帖木儿汗,person,طغا تیمور خان|پادشاه طغا تیمور,,,seed,呼罗珊
ارپا خان,阿尔帕汗,person,ارپا,,,seed,伊儿汗
موسی خان,穆萨汗,person,,,,seed,伊儿汗
جهان تیمور خان,只罕帖木儿汗,person,جهان تیمور,,,seed,伊儿汗
شیخ حسن بزرگ,大谢赫·哈桑,person,امیر شیخ حسن نویان|شیخ حسن نویان|حسن بزرگ,,,seed,贾拉伊尔系
سلطان اویس,苏丹乌韦斯,person,اویس|شیخ اویس,,,seed,贾拉伊尔系
امیرزاده جهانگیر,王子只罕杰儿,person,جهانگیر,,,seed,帖木儿之子
جهان ملک,只罕·马利克,person,,,,seed,侯赛因之子
کیخسرو,凯霍斯鲁,person,امیر کیخسرو,,,seed,
بهرام جلایر,巴赫拉姆·贾拉伊尔,person,بهرام,,,seed,
دولتشاه,道拉特沙,person,امیر بهاء الدین دولتشاه|بهاء الدین دولتشاه,,,seed,
علی بیک,阿里·别克,person,,,,seed,
علی مؤید,阿里·穆阿亚德,person,خواجه علی مؤید,,,seed,
بایزید,巴耶济德,person,امیر بایزید,,,seed,苦盏统治者
محمد شاه جونه,穆罕默德·沙·朱纳,person,محمد شاه,,,seed,印度德里苏丹
فیروز شاه,菲鲁兹·沙,person,,,,seed,印度德里苏丹
هلاکو خان,旭烈兀汗,person,هولاگو خان,,,seed,
ابقا خان,阿八哈汗,person,ابقا,,,seed,
ارغون,阿鲁浑,person,ارغون خان,,,seed,
غازان خان,合赞汗,person,غازان,,,seed,
حمد الله مستوفی,哈姆杜拉·穆斯陶菲,person,حمد اللّه مستوفی,,,seed,《历史选》作者
خواندمیر,洪德米尔,person,خواند میر,,,seed,《哈比布·锡亚尔》作者
خراسان,呼罗珊,place,,,,confirmed,
ماوراء النهر,河中地区,place,ماوراءالنهر,,,confirmed,Transoxiana
سمرقند,撒马尔罕,place,سمرقنـد,,,seed,
بخارا,布哈拉,place,,,,seed,
بلخ,巴尔赫,place,,,,seed,
هرات,赫拉特,place,,,,seed,
آذربایجان,阿塞拜疆,place,,,,confirmed,
عراق عجم,波斯伊拉克,place,عراق,,,,与 عراق عرب（巴格达）区分
فارس,法尔斯,place,,,,confirmed,
کرمان,克尔曼,place,,,,seed,
شیراز,设拉子,place,,,,seed,
اصفهان,伊斯法罕,place,,,,seed,
تبریز,大不里士,place,,,,seed,
بغداد,巴格达,place,,,,seed,
سلطانیه,苏丹尼耶,place,,,,seed,
مازندران,马赞德兰,place,,,,seed,
یزد,亚兹德,place,,,,seed,
استراباد,阿斯塔拉巴德,place,,,,seed,
سبزوار,萨布泽瓦尔,place,,,,seed,
قندهار,坎大哈,place,,,,seed,
غزنین,加兹尼,place,,,,seed,
گرجستان,格鲁吉亚,place,,,,seed,
قراباغ,卡拉巴赫,place,,,,seed,
خجند,苦盏,place,,,,seed,
نیشابور,内沙布尔,place,,,,seed,
دار الملک,都城,term,,,,seed,首都/王城
نویان,那颜,term,نویین,,,confirmed,蒙古语 noyan
امیر,埃米尔,term,امرا,,,confirmed,复数 امرا
سلطان,苏丹,term,,,,confirmed,
خان,汗,term,,,,confirmed,
ایلچی,使节,term,,,,confirmed,
یرلیغ,敕令,term,یرلیغ,,,seed,
اردو,斡耳朵,term,,,,seed,军营/汗庭
ییلاق,夏营地,term,,,,seed,
قشلاق,冬营地,term,,,,seed,
وقایع سنه,某年之事,term,وقایع,,,confirmed,编年体小标题
ذکر,记,term,,,,confirmed,条目标题
حکایت,纪事,term,,,,confirmed,叙事小标题
اشاره,按语,term,,,,confirmed,说明标记
نظم,诗,term,,,,confirmed,诗体标记
بیت,联,term,,,,confirmed,诗体标记
مصرع,半联,term,,,,confirmed,诗体标记
دیباچه,序,term,,,,confirmed,
مقدمه,前言,term,,,,confirmed,
حواشی نسخ,异文汇编,term,,,,seed,校勘附录
برلاس,巴鲁剌思,term,,,,seed,部族
سلدوز,速勒都思,term,,,,seed,部族
جغتای,察合台,term,الوس جغتای,,,seed,
مغول,蒙古,term,,,,seed,
سربداران,萨尔巴达尔人,org,سربداریه|سربدار,,,seed,Sarabadārān
مظفریان,穆扎法尔王朝,org,آل مظفر|خاندان مظفر,,,seed,
کرت,克尔特王朝,org,ملوک کرت,,,seed,
جلایریان,贾拉伊尔王朝,org,جلایر,,,seed,
چوپانیان,楚潘家族,org,آل چوپان,,,seed,
اینجو,因朱系,org,آل اینجو,,,seed,
