source,target,type,aliases,gender,reading,status,note
مطلع سعدین و مجمع بحرین,《双星升起与两海汇合之时》,work,مطلع السعدین,,,confirmed,书名
کمال الدین عبد الرزاق سمرقندی,卡玛尔丁·阿卜杜·拉扎克·撒马尔罕迪,person,عبد الرزاق سمرقندی,,,confirmed,作者
عبد الحسین نوایی,阿卜杜·侯赛因·纳瓦伊,person,,,,confirmed,1974 校勘本编者
امیر تیمور,帖木儿,person,تیمور|تیمور گورکان|تیمور گورکانی,,,confirmed,帖木儿；不再加«埃米尔»前缀
صاحبقران,幸运之主,term,,,,confirmed,帖木儿尊号
خراسان,呼罗珊,place,,,,confirmed,
ماوراء النهر,河中地区,place,ماوراءالنهر,,,confirmed,
سمرقند,撒马尔罕,place,سمرقنـد,,,confirmed,
بخارا,布哈拉,place,,,,confirmed,
بلخ,巴尔赫,place,,,,confirmed,
هرات,赫拉特,place,,,,confirmed,
آذربایجان,阿塞拜疆,place,,,,confirmed,
فارس,法尔斯,place,,,,confirmed,
کرمان,克尔曼,place,,,,confirmed,
شیراز,设拉子,place,,,,confirmed,
اصفهان,伊斯法罕,place,,,,confirmed,
تبریز,大不里士,place,,,,confirmed,
بغداد,巴格达,place,,,,confirmed,
سلطانیه,苏丹尼耶,place,,,,confirmed,
مازندران,马赞德兰,place,,,,confirmed,
یزد,亚兹德,place,,,,confirmed,
قندهار,坎大哈,place,,,,confirmed,
گرجستان,格鲁吉亚,place,,,,confirmed,
خجند,苦盏,place,,,,confirmed,
نیشابور,内沙布尔,place,,,,confirmed,
سربداران,萨尔巴达尔,org,سربداریه,,,confirmed,
مظفریان,穆扎法尔王朝,org,خاندان مظفر,,,confirmed,
جلایریان,贾拉伊尔王朝,org,جلایر,,,confirmed,
چوپانیان,楚潘家族,org,آل چوپان,,,confirmed,
اینجو,因朱,org,آل اینجو,,,confirmed,
مغول,蒙古,term,,,,confirmed,
